id,first_name,middle_name,last_name,date_of_birth,gender,marital_status,nationality,email,phone,document_no
1,Viki,,Newburn,2021-02-09,Male,single,Chad,lnewburn0@umn.edu,633306486,QCN923122
2,Clemence,,Langrick,2020-12-24,Male,single,Indonesia,slangrick1@free.fr,968820462,ZJB681228
3,Fenelia,,Clues,2021-10-10,Male,single,United States,,818571623,MHP423739
4,Janene,,Sighard,2021-09-20,Female,single,Indonesia,bsighard3@friendfeed.com,714854321,TEG894425
5,Geri,,Zettler,2021-10-21,Male,single,United States,hzettler4@youku.com,856997586,EBT948109
6,Krista,Friedrick,Fransson,2020-12-13,Female,single,Nigeria,yfransson5@blog.com,749782861,BYA998643
7,Hilton,,St Louis,2021-01-26,Male,single,Honduras,nstlouis6@acquirethisname.com,984046910,YOZ464240
8,Christophe,,Olech,2021-02-27,Male,single,China,wolech7@answers.com,714715499,CUL073832
9,Cammie,,Laite,2021-05-08,Female,single,Indonesia,jlaite8@sitemeter.com,718847349,SOF392737
10,Gil,,Medgwick,2021-07-15,Female,single,Peru,gmedgwick9@lycos.com,966860879,EAJ634435
11,Travus,,Charlet,2021-08-23,Male,single,Brazil,scharleta@taobao.com,603676228,OKP024958
12,Karol,,Cockshoot,2021-07-05,Female,single,Portugal,lcockshootb@homestead.com,785551749,IZV528827
13,Johny,,MacConnulty,2021-03-30,Male,single,Brazil,,799193186,YXJ631539
14,Celestina,,Wanne,2021-09-20,Female,single,Canada,,605084328,DAH244990
15,Rae,Bess,Ciric,2021-02-09,Male,single,Argentina,rcirice@intel.com,725652854,FRS925340
16,Pamella,,Kane,2021-12-01,Male,widowed,Spain,ckanef@cnn.com,760363622,YTX067739
17,Emma,,Gumley,2021-12-01,Male,widowed,Russia,cgumleyg@mlb.com,734024971,IBO343521
18,Nadiya,,Woodson,2021-03-25,Female,widowed,Brazil,,872023082,WLE008262
19,Brendis,,Blakemore,2021-02-14,Female,widowed,France,iblakemorei@scientificamerican.com,827935673,ZCM804305
20,Mina,Kissiah,Daout,2021-11-28,Male,widowed,Estonia,hdaoutj@baidu.com,829240563,XEE891074
21,Corney,,Benois,2021-09-17,Male,widowed,Tajikistan,ebenoisk@about.com,697707619,QII895914
22,Andie,Lacee,Wanka,2021-08-31,Female,widowed,Poland,cwankal@deviantart.com,897868474,QEB908214
23,Kira,,Antonutti,2021-01-03,Female,widowed,Madagascar,,667473444,KKX870542
24,Kellia,,Oger,2021-10-02,Male,widowed,Poland,bogern@nba.com,759916259,DWV254859
25,Didi,,Spadeck,2021-11-05,Male,widowed,Argentina,,769079690,CNN132029
26,Ciel,,Hugonneau,2020-12-20,Male,widowed,Yemen,khugonneaup@scribd.com,670638836,RCS151821
27,Collie,Benedicto,Orknay,2021-11-11,Male,widowed,Bosnia and Herzegovina,jorknayq@weibo.com,739972321,XQR593166
28,Mamie,,Fellos,2021-09-23,Female,widowed,Indonesia,hfellosr@linkedin.com,809807863,DPJ940354
29,Daune,,Luchelli,2021-04-18,Male,widowed,Colombia,jluchellis@bizjournals.com,880528194,FKS345862
30,Jonas,,Lahy,2021-02-18,Female,widowed,Indonesia,,732273662,RNV777114
31,Nesta,Annnora,Gabbatt,2021-03-07,Male,widowed,Costa Rica,,864155369,JYG768084
32,Leeanne,,Pecha,2021-06-09,Male,widowed,Portugal,,688626419,RST160073
33,Lionello,,Blakes,2021-06-10,Male,divorced,Indonesia,dblakesw@ask.com,792549748,TWB160677
34,Julius,,Morman,2021-07-06,Male,divorced,China,,946848470,RQI857697
35,Holly-anne,,Soldner,2021-03-17,Male,divorced,Colombia,msoldnery@bloomberg.com,615474308,CEY646987
36,Myrvyn,,Node,2021-06-16,Male,divorced,China,bnodez@house.gov,790106018,RAS305373
37,Rosalia,,Ragg,2021-02-08,Female,divorced,Jamaica,rragg10@ning.com,729681305,KPL135719
38,Berrie,,Jewar,2021-05-04,Male,divorced,Philippines,,713172315,THX181547
39,Sher,,Cossington,2020-12-26,Male,divorced,Russia,mcossington12@tripadvisor.com,671818148,UJF866711
40,Symon,Claudetta,Bellson,2021-09-23,Female,divorced,France,dbellson13@yellowbook.com,995838231,FWA050324
41,Garret,,Brason,2021-05-20,Female,divorced,Indonesia,cbrason14@gmpg.org,947657184,JQV585367
42,Romonda,,Asling,2021-01-14,Female,divorced,China,lasling15@upenn.edu,790806266,LUN686914
43,Vail,,Kime,2021-11-26,Female,divorced,France,dkime16@fastcompany.com,706041208,EZR313033
44,Darsey,,Barwise,2021-09-04,Male,divorced,Philippines,ebarwise17@joomla.org,678819993,NIK213839
45,Rebekah,Davidson,Streat,2021-02-26,Female,divorced,Spain,mstreat18@examiner.com,928157869,DNI101241
46,Xylia,,Rosterne,2021-03-17,Male,divorced,Saint Pierre and Miquelon,mrosterne19@nasa.gov,756672019,MYR708200
47,Angelico,,Barti,2021-05-16,Female,divorced,Indonesia,cbarti1a@blogspot.com,867838283,QYJ895247
48,Karie,,Bennallck,2021-09-23,Female,divorced,Indonesia,tbennallck1b@slideshare.net,709670493,STG274476
49,Trisha,,Svanetti,2021-09-07,Male,divorced,Tanzania,dsvanetti1c@lulu.com,731733616,EMF326689
50,Darnall,,Blaxlande,2021-05-07,Male,divorced,Ukraine,pblaxlande1d@example.com,860318807,YVM272960
51,Valentine,Putnem,Castaignet,2021-11-26,Female,divorced,Chile,,740842280,WJJ188845
52,Giusto,,Strugnell,2021-06-15,Female,divorced,Russia,astrugnell1f@prnewswire.com,736367935,AXI929230
53,Bridgette,,Dashwood,2021-02-01,Male,divorced,Vietnam,adashwood1g@youtu.be,929620250,GAG138748
54,Colly,,Battista,2021-02-13,Female,divorced,Czech Republic,lbattista1h@mail.ru,722769673,IAL259859
55,Bailey,,Bondley,2021-01-07,Male,divorced,Indonesia,dbondley1i@tmall.com,913203511,HAH177157
56,Rosalyn,Gilligan,Crayke,2021-08-19,Female,divorced,Germany,rcrayke1j@harvard.edu,661523414,USG618636
57,Ondrea,,Sissland,2021-08-24,Male,divorced,Italy,bsissland1k@hhs.gov,932522766,SHB980973
58,Rab,,Challice,2021-10-17,Male,divorced,Czech Republic,achallice1l@apple.com,633629937,KDQ832854
59,Kore,,Patley,2021-11-17,Female,divorced,Brazil,wpatley1m@plala.or.jp,681448764,DUY413720
60,Quentin,,McCourtie,2021-09-03,Male,divorced,Comoros,cmccourtie1n@theglobeandmail.com,893797884,HZU098399
61,Wells,,Elger,2021-05-13,Female,divorced,China,,905911252,CXA637487
62,Sascha,,Gallacher,2021-07-17,Female,divorced,Portugal,vgallacher1p@bluehost.com,639975759,MJZ016690
63,Ibrahim,,Titman,2021-01-13,Female,divorced,Brazil,rtitman1q@va.gov,825256070,YIQ174425
64,Georas,,Saggers,2021-08-03,Male,divorced,Serbia,msaggers1r@smh.com.au,676557081,TZP257181
65,Thorny,Emmet,Skough,2021-11-13,Female,divorced,Poland,dskough1s@istockphoto.com,601386471,SRG810416
66,Renae,,Prichet,2021-11-21,Female,divorced,France,eprichet1t@123-reg.co.uk,601797395,YRA270271
67,Rakel,,Eaton,2021-08-08,Male,married,Philippines,eeaton1u@tumblr.com,803707402,WWI761585
68,Di,Valeria,Geindre,2021-11-27,Female,married,China,dgeindre1v@macromedia.com,956607574,PNE781838
69,Nelie,Josefa,Nitto,2021-10-29,Male,married,South Africa,knitto1w@apple.com,854311876,SDQ597948
70,Zara,,Janko,2021-01-05,Female,married,France,jjanko1x@usatoday.com,705934525,VYQ641761
71,Robinet,,Cordingley,2021-06-28,Male,married,Sweden,bcordingley1y@zdnet.com,648692069,MSK745208
72,Parnell,Mirabel,Van Oort,2020-12-22,Female,married,Kazakhstan,cvanoort1z@hubpages.com,881377143,ROQ670126
73,Tatiana,,Chugg,2021-11-02,Female,married,Czech Republic,lchugg20@reuters.com,906656214,UXA981533
74,Krystyna,,Findley,2021-04-30,Female,married,Russia,,697892365,XOR563966
75,Linn,Ivar,Grigorian,2021-02-14,Female,married,Portugal,hgrigorian22@blogtalkradio.com,924679437,TUT119244
76,Elyn,,McKnockiter,2021-09-17,Female,married,Indonesia,nmcknockiter23@patch.com,870769367,OGI198181
77,Delora,,Hillum,2021-11-25,Male,married,Russia,,946458449,QDR103900
78,Mollee,,Gotthard.sf,2021-03-03,Female,married,Philippines,kgotthardsf25@hexun.com,920686365,QZS221622
79,Hillyer,,Pottiphar,2021-10-22,Female,married,China,spottiphar26@indiatimes.com,662521165,KSF843867
80,Danya,Cordy,Mayberry,2021-08-10,Female,married,Philippines,,749806232,CMT924105
81,Jude,,Cleverly,2021-10-16,Female,married,Nepal,,628972576,MRD364601
82,Edin,Gretna,Bourhill,2021-09-08,Male,married,El Salvador,rbourhill29@yale.edu,937215538,ZFQ263933
83,Mar,,Wixon,2021-12-01,Male,married,China,awixon2a@scribd.com,906625321,SVC408363
84,Alyosha,,Tuhy,2021-09-08,Male,married,Philippines,ktuhy2b@unc.edu,868102346,HII174023
85,Mariejeanne,Simeon,Jerrim,2021-02-22,Male,married,United States,,697965009,XWS933012
86,Allin,Johnathan,Diamond,2021-09-23,Male,married,Portugal,cdiamond2d@netvibes.com,749665051,GFQ493386
87,Kaia,,Criag,2021-08-08,Female,married,China,jcriag2e@amazon.com,865490066,QLR870240
88,Angele,,O'Neill,2021-09-14,Male,separated,Russia,,752038928,QUH880072
89,Randie,,Soppit,2020-12-16,Male,separated,Egypt,,628000200,DVI276363
90,Jo,,Veighey,2021-08-22,Female,separated,France,bveighey2h@whitehouse.gov,664964845,JJU087206
91,Larisa,,Szymczyk,2021-11-04,Female,separated,Nigeria,,817113591,VKW849584
92,Glad,,Kippie,2021-04-08,Male,separated,Bosnia and Herzegovina,hkippie2j@howstuffworks.com,761075290,HLW269397
93,Elbertine,,Izard,2021-06-21,Male,separated,Portugal,gizard2k@columbia.edu,858370476,OWF449090
94,Consolata,,Rosin,2021-05-17,Female,separated,Russia,,957235448,BCK071632
95,Basile,Tersina,Neale,2021-09-21,Female,separated,Syria,dneale2m@dailymotion.com,756705095,SHX787671
96,Seana,,Lafay,2021-07-27,Male,separated,Mongolia,elafay2n@soundcloud.com,854775923,KZA200627
97,Derward,,Sautter,2021-08-28,Male,separated,Philippines,lsautter2o@mtv.com,745755922,XAZ583732
98,Fara,Jaimie,Axtell,2021-09-04,Female,separated,Palestinian Territory,haxtell2p@phoca.cz,795673984,PSD451616
99,Cullie,,Seide,2021-02-07,Male,separated,Russia,aseide2q@microsoft.com,714836933,OMH185684
100,Huntley,,Leban,2021-03-06,Male,separated,China,hleban2r@oaic.gov.au,931209385,BKK271468
